epochs,reconstruction,kld,total,seed auc,auc_proj,auc_rec,time
0,0.003830579049789753,0.7861494926305918,192.31106462234106,1.0,0.6544523612862897,0.6382849279255781,5.106876400000004
